Gene Symbol	Gene ID	Number of occurrences	Features	HPO IDs	HPO Match Score
ABCC9	ENSG00000069431	1	Abnormal heart valve morphology (0.55)	HP:0001654	0.55
ACTA1	ENSG00000143632	1	Abnormal skeletal morphology (0.55)	HP:0011842	0.55
ACTC1	ENSG00000159251	1	Abnormal mitral valve morphology (0.7)	HP:0001633	0.7
ADA	ENSG00000196839	1	Recurrent viral infections (0.85)	HP:0004429	0.85
ADAM17	ENSG00000151694	2	Generalized abnormality of skin (0.7); Abnormal skin morphology (0.55)	HP:0011354; HP:0011121	0.7; 0.55
ADGRE2	ENSG00000127507	1	Flushing (0.85)	HP:0031284	0.85
AFF4	ENSG00000072364	1	Abnormal skeletal morphology (0.55)	HP:0011842	0.55
AGGF1	ENSG00000164252	1	Abnormal skeletal morphology (0.55)	HP:0011842	0.55
AHSG	ENSG00000145192	1	Abnormal skeletal morphology (0.55)	HP:0011842	0.55
ALAD	ENSG00000148218	1	Abnormal skin morphology (0.55)	HP:0011121	0.55
ALDH2	ENSG00000111275	1	Facial flushing after alcohol intake (1.0)	HP:0001033	1.0
ALG11	ENSG00000253710	1	Abnormal skeletal morphology (0.55)	HP:0011842	0.55
ALG8	ENSG00000159063	2	Abnormal skin morphology (0.55); Abnormal heart valve morphology (0.55)	HP:0011121; HP:0001654	0.55; 0.55
ANAPC1	ENSG00000153107	1	Bone fracture (0.7)	HP:0020110	0.7
ANKRD11	ENSG00000167522	1	Abnormal skeletal morphology (0.55)	HP:0011842	0.55
APC2	ENSG00000115266	1	Flushing (0.85)	HP:0031284	0.85
ARF1	ENSG00000143761	1	Abnormal heart valve morphology (0.55)	HP:0001654	0.55
ARFGEF2	ENSG00000124198	1	Abnormal heart valve morphology (0.55)	HP:0001654	0.55
ARPC5	ENSG00000162704	1	Recurrent viral infections (0.85)	HP:0004429	0.85
ARX	ENSG00000004848	1	Abnormal skin morphology (0.55)	HP:0011121	0.55
ASAH1	ENSG00000104763	1	Abnormal skeletal morphology (0.55)	HP:0011842	0.55
ASXL1	ENSG00000171456	2	Flushing (0.85); Abnormal skin morphology (0.55)	HP:0031284; HP:0011121	0.85; 0.55
ATP1A2	ENSG00000018625	1	Flushing (0.85)	HP:0031284	0.85
ATP1A3	ENSG00000105409	1	Flushing (0.85)	HP:0031284	0.85
ATRX	ENSG00000085224	1	Flushing (0.85)	HP:0031284	0.85
B2M	ENSG00000166710	1	Cardiovascular calcification (0.55)	HP:0011915	0.55
BICD2	ENSG00000185963	1	Femur fracture (0.39)	HP:0031846	0.39
BIN1	ENSG00000136717	1	Abnormal heart valve morphology (0.55)	HP:0001654	0.55
BMPR1B	ENSG00000138696	1	Abnormal morphology of the radius (0.85)	HP:0002818	0.85
BRAF	ENSG00000157764	3	Flushing (0.85); Abnormal mitral valve morphology (0.7); Abnormal heart valve morphology (0.55)	HP:0031284; HP:0001633; HP:0001654	0.85; 0.7; 0.55
BTD	ENSG00000169814	1	Recurrent viral infections (0.85)	HP:0004429	0.85
BTNL2	ENSG00000229597	1	Abnormal skin morphology (0.55)	HP:0011121	0.55
CACNA1A	ENSG00000141837	1	Flushing (0.85)	HP:0031284	0.85
CASZ1	ENSG00000130940	1	Abnormal heart valve morphology (0.55)	HP:0001654	0.55
CBL	ENSG00000110395	2	Flushing (0.85); Abnormal skin morphology (0.55)	HP:0031284; HP:0011121	0.85; 0.55
CBS	ENSG00000160200	1	Flushing (0.85)	HP:0031284	0.85
CCDC22	ENSG00000101997	1	Abnormal mitral valve morphology (0.7)	HP:0001633	0.7
CD8A	ENSG00000153563	1	Recurrent viral infections (0.85)	HP:0004429	0.85
CDH23	ENSG00000107736	1	Flushing (0.85)	HP:0031284	0.85
CDKL5	ENSG00000008086	1	Abnormal skin morphology (0.55)	HP:0011121	0.55
CDKN2A	ENSG00000147889	1	Abnormality of urine homeostasis (0.7)	HP:0003110	0.7
CHRNG	ENSG00000196811	1	Abnormal skeletal morphology (0.55)	HP:0011842	0.55
CHST14	ENSG00000169105	1	Abnormal heart valve morphology (0.55)	HP:0001654	0.55
CIITA	ENSG00000179583	1	Recurrent viral infections (0.85)	HP:0004429	0.85
CITED2	ENSG00000164442	1	Abnormal mitral valve morphology (0.7)	HP:0001633	0.7
CLIC2	ENSG00000155962	1	Abnormal atrioventricular valve morphology (0.55)	HP:0006705	0.55
CLPB	ENSG00000162129	1	Recurrent viral infections (0.85)	HP:0004429	0.85
CNPY3	ENSG00000137161	1	Abnormal skin morphology (0.55)	HP:0011121	0.55
COL11A2	ENSG00000204248	1	Abnormal long bone morphology (0.7)	HP:0011314	0.7
COL1A2	ENSG00000164692	1	Abnormal heart valve morphology (0.55)	HP:0001654	0.55
COL7A1	ENSG00000114270	3	Generalized abnormality of skin (0.7); Abnormal forearm morphology (0.55); Abnormal skin morphology (0.55)	HP:0011354; HP:0002973; HP:0011121	0.7; 0.55; 0.55
CPLX1	ENSG00000168993	1	Abnormal heart valve morphology (0.55)	HP:0001654	0.55
CPOX	ENSG00000080819	1	Abnormal skin morphology (0.55)	HP:0011121	0.55
CTBP1	ENSG00000159692	1	Abnormal heart valve morphology (0.55)	HP:0001654	0.55
CTNNB1	ENSG00000168036	1	Abnormality of urine homeostasis (0.7)	HP:0003110	0.7
CTNS	ENSG00000040531	1	Abnormal long bone morphology (0.7)	HP:0011314	0.7
CTPS1	ENSG00000171793	1	Recurrent viral infections (0.85)	HP:0004429	0.85
DCLRE1C	ENSG00000152457	1	Recurrent viral infections (0.85)	HP:0004429	0.85
DEF6	ENSG00000023892	1	Recurrent viral infections (0.85)	HP:0004429	0.85
DEPDC5	ENSG00000100150	1	Flushing (0.85)	HP:0031284	0.85
DLST	ENSG00000119689	1	Flushing (0.85)	HP:0031284	0.85
DNAJC21	ENSG00000168724	1	Recurrent viral infections (0.85)	HP:0004429	0.85
DNASE1L3	ENSG00000163687	1	Abnormal heart valve morphology (0.55)	HP:0001654	0.55
DNMT3A	ENSG00000119772	1	Flushing (0.85)	HP:0031284	0.85
DOCK8	ENSG00000107099	1	Recurrent viral infections (0.85)	HP:0004429	0.85
DPYSL5	ENSG00000157851	1	Abnormal mitral valve morphology (0.7)	HP:0001633	0.7
DSE	ENSG00000111817	1	Abnormal heart valve morphology (0.55)	HP:0001654	0.55
DYNC2LI1	ENSG00000138036	1	Abnormal heart valve morphology (0.55)	HP:0001654	0.55
EFL1	ENSG00000140598	1	Recurrent viral infections (0.85)	HP:0004429	0.85
ELANE	ENSG00000197561	1	Recurrent viral infections (0.85)	HP:0004429	0.85
EPAS1	ENSG00000116016	1	Flushing (0.85)	HP:0031284	0.85
EPG5	ENSG00000152223	1	Recurrent viral infections (0.85)	HP:0004429	0.85
ERMARD	ENSG00000130023	1	Abnormal heart valve morphology (0.55)	HP:0001654	0.55
EVC	ENSG00000072840	1	Abnormal heart valve morphology (0.55)	HP:0001654	0.55
EVC2	ENSG00000173040	1	Abnormal heart valve morphology (0.55)	HP:0001654	0.55
EXT1	ENSG00000182197	1	Bone fracture (0.7)	HP:0020110	0.7
EXT2	ENSG00000151348	1	Bone fracture (0.7)	HP:0020110	0.7
FBN1	ENSG00000166147	1	Mitral annular calcification (1.0)	HP:0005136	1.0
FBN2	ENSG00000138829	1	Abnormal skeletal morphology (0.55)	HP:0011842	0.55
FGF23	ENSG00000118972	1	Bone fracture (0.7)	HP:0020110	0.7
FH	ENSG00000091483	1	Flushing (0.85)	HP:0031284	0.85
FLI1	ENSG00000151702	1	Recurrent viral infections (0.85)	HP:0004429	0.85
FLNA	ENSG00000196924	1	Abnormal heart valve morphology (0.55)	HP:0001654	0.55
FLNB	ENSG00000136068	1	Abnormal morphology of the radius (0.85)	HP:0002818	0.85
FLT3LG	ENSG00000090554	1	Recurrent viral infections (0.85)	HP:0004429	0.85
FMO3	ENSG00000007933	1	Trimethylaminuria (1.0)	HP:0003614	1.0
FOXN1	ENSG00000109101	1	Recurrent viral infections (0.85)	HP:0004429	0.85
GABRD	ENSG00000187730	1	Abnormal heart valve morphology (0.55)	HP:0001654	0.55
GALNS	ENSG00000141012	1	Abnormal heart valve morphology (0.55)	HP:0001654	0.55
GALT	ENSG00000213930	1	Bone fracture (0.7)	HP:0020110	0.7
GATA2	ENSG00000179348	1	Recurrent viral infections (0.85)	HP:0004429	0.85
GATA4	ENSG00000136574	1	Abnormal mitral valve morphology (0.7)	HP:0001633	0.7
GATA6	ENSG00000141448	1	Abnormal mitral valve morphology (0.7)	HP:0001633	0.7
GBA1	ENSG00000177628	2	Mitral valve calcification (0.85); Abnormal heart valve morphology (0.55)	HP:0004382; HP:0001654	0.85; 0.55
GDF5	ENSG00000125965	1	Abnormal morphology of the radius (0.85)	HP:0002818	0.85
GFI1	ENSG00000162676	1	Recurrent viral infections (0.85)	HP:0004429	0.85
GLB1	ENSG00000170266	1	Abnormal heart valve morphology (0.55)	HP:0001654	0.55
GLI1	ENSG00000111087	1	Abnormal heart valve morphology (0.55)	HP:0001654	0.55
GLMN	ENSG00000174842	1	Generalized abnormality of skin (0.7)	HP:0011354	0.7
GNAS	ENSG00000087460	1	Bone fracture (0.7)	HP:0020110	0.7
GNPTAB	ENSG00000111670	2	Abnormal long bone morphology (0.7); Abnormal mitral valve morphology (0.7)	HP:0011314; HP:0001633	0.7; 0.7
GPC6	ENSG00000183098	1	Abnormal morphology of the radius (0.85)	HP:0002818	0.85
GRIN2B	ENSG00000273079	1	Abnormal skin morphology (0.55)	HP:0011121	0.55
GUF1	ENSG00000151806	1	Abnormal skin morphology (0.55)	HP:0011121	0.55
GUSB	ENSG00000169919	1	Abnormal heart valve morphology (0.55)	HP:0001654	0.55
HACD1	ENSG00000165996	1	Abnormal skeletal morphology (0.55)	HP:0011842	0.55
HBB	ENSG00000244734	1	Abnormal skeletal morphology (0.55)	HP:0011842	0.55
HGD	ENSG00000113924	2	Mitral valve calcification (0.85); Abnormal heart valve morphology (0.55)	HP:0004382; HP:0001654	0.85; 0.55
HLA-B	ENSG00000234745	1	Abnormal heart valve morphology (0.55)	HP:0001654	0.55
HLA-DPB1	ENSG00000223865	1	Abnormal skin morphology (0.55)	HP:0011121	0.55
HLA-DRB1	ENSG00000196126	1	Abnormal skin morphology (0.55)	HP:0011121	0.55
HMBS	ENSG00000256269	1	Abnormal skin morphology (0.55)	HP:0011121	0.55
HNF4A	ENSG00000101076	1	Flushing (0.85)	HP:0031284	0.85
HNRNPA1	ENSG00000135486	1	Abnormal long bone morphology (0.7)	HP:0011314	0.7
HNRNPA2B1	ENSG00000122566	1	Abnormal long bone morphology (0.7)	HP:0011314	0.7
HOGA1	ENSG00000241935	1	Abnormality of urine homeostasis (0.7)	HP:0003110	0.7
HPGD	ENSG00000164120	1	Flushing (0.85)	HP:0031284	0.85
HSPG2	ENSG00000142798	1	Abnormal heart valve morphology (0.55)	HP:0001654	0.55
IDS	ENSG00000010404	1	Abnormal heart valve morphology (0.55)	HP:0001654	0.55
IDUA	ENSG00000127415	1	Abnormal heart valve morphology (0.55)	HP:0001654	0.55
IFIH1	ENSG00000115267	1	Mitral valve calcification (0.85)	HP:0004382	0.85
IFNG	ENSG00000111537	1	Generalized abnormality of skin (0.7)	HP:0011354	0.7
IKZF1	ENSG00000185811	1	Recurrent viral infections (0.85)	HP:0004429	0.85
IL12B	ENSG00000113302	1	Abnormal heart valve morphology (0.55)	HP:0001654	0.55
IL2RA	ENSG00000134460	1	Recurrent viral infections (0.85)	HP:0004429	0.85
IL7R	ENSG00000168685	1	Recurrent viral infections (0.85)	HP:0004429	0.85
IRF9	ENSG00000213928	1	Recurrent viral infections (0.85)	HP:0004429	0.85
ISG15	ENSG00000187608	1	Recurrent viral infections (0.85)	HP:0004429	0.85
ITGA7	ENSG00000135424	1	Abnormal skeletal morphology (0.55)	HP:0011842	0.55
ITGB6	ENSG00000115221	1	Abnormal skeletal morphology (0.55)	HP:0011842	0.55
ITPR3	ENSG00000096433	1	Recurrent viral infections (0.85)	HP:0004429	0.85
JAK1	ENSG00000162434	1	Recurrent viral infections (0.85)	HP:0004429	0.85
JAK3	ENSG00000105639	1	Recurrent viral infections (0.85)	HP:0004429	0.85
KCNAB2	ENSG00000069424	1	Abnormal heart valve morphology (0.55)	HP:0001654	0.55
KCNJ8	ENSG00000121361	1	Abnormal heart valve morphology (0.55)	HP:0001654	0.55
KDM6A	ENSG00000147050	1	Abnormal mitral valve morphology (0.7)	HP:0001633	0.7
KIF1B	ENSG00000054523	1	Flushing (0.85)	HP:0031284	0.85
KIT	ENSG00000157404	1	Flushing (0.85)	HP:0031284	0.85
KMT2D	ENSG00000167548	1	Abnormal mitral valve morphology (0.7)	HP:0001633	0.7
KNSTRN	ENSG00000128944	1	Recurrent viral infections (0.85)	HP:0004429	0.85
KRAS	ENSG00000133703	1	Abnormal heart valve morphology (0.55)	HP:0001654	0.55
KRT14	ENSG00000186847	1	Generalized abnormality of skin (0.7)	HP:0011354	0.7
KRT5	ENSG00000186081	1	Generalized abnormality of skin (0.7)	HP:0011354	0.7
KRT71	ENSG00000139648	1	Abnormal skin morphology (0.55)	HP:0011121	0.55
LBR	ENSG00000143815	2	Generalized abnormality of skin (0.7); Fractured rib (0.382)	HP:0011354; HP:0041159	0.7; 0.382
LEF1	ENSG00000138795	1	Abnormal skin morphology (0.55)	HP:0011121	0.55
LEMD2	ENSG00000161904	1	Femur fracture (0.39)	HP:0031846	0.39
LEMD3	ENSG00000174106	1	Abnormal long bone morphology (0.7)	HP:0011314	0.7
LETM1	ENSG00000168924	1	Abnormal heart valve morphology (0.55)	HP:0001654	0.55
LMNA	ENSG00000160789	3	Mitral valve calcification (0.85); Abnormal mitral valve morphology (0.7); Generalized abnormality of skin (0.7)	HP:0004382; HP:0001633; HP:0011354	0.85; 0.7; 0.7
LRP5	ENSG00000162337	1	Abnormal heart valve morphology (0.55)	HP:0001654	0.55
LSS	ENSG00000160285	1	Abnormal skeletal morphology (0.55)	HP:0011842	0.55
LUZP1	ENSG00000169641	1	Abnormal heart valve morphology (0.55)	HP:0001654	0.55
MAGT1	ENSG00000102158	1	Recurrent viral infections (0.85)	HP:0004429	0.85
MALT1	ENSG00000172175	1	Recurrent viral infections (0.85)	HP:0004429	0.85
MAN2B1	ENSG00000104774	1	Abnormal skeletal morphology (0.55)	HP:0011842	0.55
MAOA	ENSG00000189221	1	Flushing (0.85)	HP:0031284	0.85
MAP1B	ENSG00000131711	1	Abnormal heart valve morphology (0.55)	HP:0001654	0.55
MAP2K1	ENSG00000169032	1	Abnormal heart valve morphology (0.55)	HP:0001654	0.55
MAP2K2	ENSG00000126934	1	Abnormal heart valve morphology (0.55)	HP:0001654	0.55
MAP3K14	ENSG00000006062	1	Recurrent viral infections (0.85)	HP:0004429	0.85
MAP3K20	ENSG00000091436	1	Abnormal skeletal morphology (0.55)	HP:0011842	0.55
MAX	ENSG00000125952	1	Flushing (0.85)	HP:0031284	0.85
MCM4	ENSG00000104738	1	Recurrent viral infections (0.85)	HP:0004429	0.85
MDH2	ENSG00000146701	1	Flushing (0.85)	HP:0031284	0.85
MLX	ENSG00000108788	1	Abnormal heart valve morphology (0.55)	HP:0001654	0.55
MMP1	ENSG00000196611	1	Generalized abnormality of skin (0.7)	HP:0011354	0.7
MMP23B	ENSG00000189409	1	Abnormal heart valve morphology (0.55)	HP:0001654	0.55
MOGS	ENSG00000115275	1	Bone fracture (0.7)	HP:0020110	0.7
MT-TL2	ENSG00000210191	1	Flushing (0.85)	HP:0031284	0.85
MTX2	ENSG00000128654	1	Mitral valve calcification (0.85)	HP:0004382	0.85
MYH3	ENSG00000109063	1	Abnormal skeletal morphology (0.55)	HP:0011842	0.55
MYH6	ENSG00000197616	1	Abnormal mitral valve morphology (0.7)	HP:0001633	0.7
MYL2	ENSG00000111245	1	Abnormal skeletal morphology (0.55)	HP:0011842	0.55
NEDD4L	ENSG00000049759	1	Abnormal heart valve morphology (0.55)	HP:0001654	0.55
NELFA	ENSG00000185049	1	Abnormal heart valve morphology (0.55)	HP:0001654	0.55
NF1	ENSG00000196712	1	Flushing (0.85)	HP:0031284	0.85
NFKB2	ENSG00000077150	1	Recurrent viral infections (0.85)	HP:0004429	0.85
NHEJ1	ENSG00000187736	1	Recurrent viral infections (0.85)	HP:0004429	0.85
NKX2-5	ENSG00000183072	1	Abnormal mitral valve morphology (0.7)	HP:0001633	0.7
NPRL2	ENSG00000114388	1	Flushing (0.85)	HP:0031284	0.85
NPRL3	ENSG00000103148	1	Flushing (0.85)	HP:0031284	0.85
NR3C1	ENSG00000113580	1	Flushing (0.85)	HP:0031284	0.85
NSD1	ENSG00000165671	1	Flushing (0.85)	HP:0031284	0.85
NSD2	ENSG00000109685	1	Abnormal heart valve morphology (0.55)	HP:0001654	0.55
NTRK2	ENSG00000148053	1	Abnormal skin morphology (0.55)	HP:0011121	0.55
PAX9	ENSG00000198807	1	Abnormal skin morphology (0.55)	HP:0011121	0.55
PDE4D	ENSG00000113448	1	Abnormal morphology of the radius (0.85)	HP:0002818	0.85
PDPN	ENSG00000162493	1	Abnormal heart valve morphology (0.55)	HP:0001654	0.55
PFN1	ENSG00000108518	1	Bone fracture (0.7)	HP:0020110	0.7
PGM3	ENSG00000013375	1	Recurrent viral infections (0.85)	HP:0004429	0.85
PHACTR1	ENSG00000112137	1	Abnormal skin morphology (0.55)	HP:0011121	0.55
PIGA	ENSG00000165195	1	Abnormal skin morphology (0.55)	HP:0011121	0.55
PIGG	ENSG00000174227	1	Abnormal heart valve morphology (0.55)	HP:0001654	0.55
PIGT	ENSG00000124155	1	Abnormal skeletal morphology (0.55)	HP:0011842	0.55
PIK3CA	ENSG00000121879	1	Abnormal skeletal morphology (0.55)	HP:0011842	0.55
PIK3CD	ENSG00000171608	1	Recurrent viral infections (0.85)	HP:0004429	0.85
PLCB1	ENSG00000182621	1	Abnormal skin morphology (0.55)	HP:0011121	0.55
PLCD1	ENSG00000187091	1	Abnormal skin morphology (0.55)	HP:0011121	0.55
PLXND1	ENSG00000004399	1	Abnormal heart valve morphology (0.55)	HP:0001654	0.55
PMM2	ENSG00000140650	1	Abnormal skeletal morphology (0.55)	HP:0011842	0.55
PNP	ENSG00000198805	1	Recurrent viral infections (0.85)	HP:0004429	0.85
POFUT1	ENSG00000101346	1	Generalized abnormality of skin (0.7)	HP:0011354	0.7
POGLUT1	ENSG00000163389	1	Generalized abnormality of skin (0.7)	HP:0011354	0.7
POLD3	ENSG00000077514	1	Recurrent viral infections (0.85)	HP:0004429	0.85
POMP	ENSG00000132963	1	Recurrent viral infections (0.85)	HP:0004429	0.85
PRDM16	ENSG00000142611	1	Abnormal heart valve morphology (0.55)	HP:0001654	0.55
PRF1	ENSG00000180644	1	Abnormal skin morphology (0.55)	HP:0011121	0.55
PRKACA	ENSG00000072062	1	Abnormal heart valve morphology (0.55)	HP:0001654	0.55
PRKACB	ENSG00000142875	1	Abnormal heart valve morphology (0.55)	HP:0001654	0.55
PRKAR1A	ENSG00000108946	2	Abnormal morphology of the radius (0.85); Abnormality of urine homeostasis (0.7)	HP:0002818; HP:0003110	0.85; 0.7
PRKCSH	ENSG00000130175	1	Abnormal heart valve morphology (0.55)	HP:0001654	0.55
PRKCZ	ENSG00000067606	1	Abnormal heart valve morphology (0.55)	HP:0001654	0.55
PSENEN	ENSG00000205155	1	Generalized abnormality of skin (0.7)	HP:0011354	0.7
PTPN11	ENSG00000179295	1	Abnormal mitral valve morphology (0.7)	HP:0001633	0.7
PUF60	ENSG00000179950	1	Abnormal skeletal morphology (0.55)	HP:0011842	0.55
RAF1	ENSG00000132155	1	Abnormal mitral valve morphology (0.7)	HP:0001633	0.7
RAG1	ENSG00000166349	1	Recurrent viral infections (0.85)	HP:0004429	0.85
RAG2	ENSG00000175097	1	Recurrent viral infections (0.85)	HP:0004429	0.85
RAI1	ENSG00000108557	1	Abnormal forearm morphology (0.55)	HP:0002973	0.55
RALGAPA1	ENSG00000174373	1	Recurrent viral infections (0.85)	HP:0004429	0.85
RBSN	ENSG00000131381	1	Femur fracture (0.39)	HP:0031846	0.39
RERE	ENSG00000142599	1	Abnormal heart valve morphology (0.55)	HP:0001654	0.55
RET	ENSG00000165731	1	Flushing (0.85)	HP:0031284	0.85
RFX5	ENSG00000143390	1	Recurrent viral infections (0.85)	HP:0004429	0.85
RFXANK	ENSG00000064490	1	Recurrent viral infections (0.85)	HP:0004429	0.85
RFXAP	ENSG00000133111	1	Recurrent viral infections (0.85)	HP:0004429	0.85
RHOBTB2	ENSG00000008853	1	Flushing (0.85)	HP:0031284	0.85
RMRP	ENSG00000277027	1	Susceptibility to chickenpox (1.0)	HP:0005360	1.0
RNF168	ENSG00000163961	1	Recurrent viral infections (0.85)	HP:0004429	0.85
RNF31	ENSG00000092098	1	Recurrent viral infections (0.85)	HP:0004429	0.85
RPS6KA3	ENSG00000177189	1	Abnormal mitral valve morphology (0.7)	HP:0001633	0.7
RUNX1	ENSG00000159216	2	Flushing (0.85); Abnormal skin morphology (0.55)	HP:0031284; HP:0011121	0.85; 0.55
RYR1	ENSG00000196218	2	Flushing (0.85); Abnormal heart valve morphology (0.55)	HP:0031284; HP:0001654	0.85; 0.55
SALL4	ENSG00000101115	1	Abnormal morphology of the radius (0.85)	HP:0002818	0.85
SBDS	ENSG00000126524	1	Recurrent viral infections (0.85)	HP:0004429	0.85
SCN2A	ENSG00000136531	2	Flushing (0.85); Abnormal skin morphology (0.55)	HP:0031284; HP:0011121	0.85; 0.55
SCN3A	ENSG00000153253	1	Flushing (0.85)	HP:0031284	0.85
SCN9A	ENSG00000169432	1	Flushing (0.85)	HP:0031284	0.85
SDHA	ENSG00000073578	1	Flushing (0.85)	HP:0031284	0.85
SDHAF2	ENSG00000167985	1	Flushing (0.85)	HP:0031284	0.85
SDHB	ENSG00000117118	1	Flushing (0.85)	HP:0031284	0.85
SDHC	ENSG00000143252	1	Flushing (0.85)	HP:0031284	0.85
SDHD	ENSG00000204370	1	Flushing (0.85)	HP:0031284	0.85
SEC63	ENSG00000025796	1	Abnormal heart valve morphology (0.55)	HP:0001654	0.55
SELENON	ENSG00000162430	1	Abnormal skeletal morphology (0.55)	HP:0011842	0.55
SHOX	ENSG00000185960	1	Abnormal morphology of the radius (0.85)	HP:0002818	0.85
SIK1	ENSG00000142178	1	Abnormal skin morphology (0.55)	HP:0011121	0.55
SKI	ENSG00000157933	1	Abnormal heart valve morphology (0.55)	HP:0001654	0.55
SKIC2	ENSG00000204351	1	Abnormal skin morphology (0.55)	HP:0011121	0.55
SKIC3	ENSG00000198677	1	Abnormal skin morphology (0.55)	HP:0011121	0.55
SLC13A1	ENSG00000081800	1	Fractured forearm bone (0.85)	HP:0003961	0.85
SLC1A3	ENSG00000079215	1	Flushing (0.85)	HP:0031284	0.85
SLC25A11	ENSG00000108528	1	Flushing (0.85)	HP:0031284	0.85
SLC26A2	ENSG00000155850	1	Abnormal forearm bone morphology (0.7)	HP:0040072	0.7
SLC2A1	ENSG00000117394	1	Flushing (0.85)	HP:0031284	0.85
SLC2A2	ENSG00000163581	1	Bone fracture (0.7)	HP:0020110	0.7
SLC34A2	ENSG00000157765	1	Mitral valve calcification (0.85)	HP:0004382	0.85
SLC35A2	ENSG00000292209	1	Abnormal long bone morphology (0.7)	HP:0011314	0.7
SLC39A4	ENSG00000147804	1	Generalized abnormality of skin (0.7)	HP:0011354	0.7
SMPD1	ENSG00000166311	1	Abnormal heart valve morphology (0.55)	HP:0001654	0.55
SNX14	ENSG00000135317	1	Abnormal skeletal morphology (0.55)	HP:0011842	0.55
SOX9	ENSG00000125398	1	Abnormal skeletal morphology (0.55)	HP:0011842	0.55
SP110	ENSG00000135899	1	Recurrent viral infections (0.85)	HP:0004429	0.85
SPEG	ENSG00000072195	1	Abnormal heart valve morphology (0.55)	HP:0001654	0.55
SPEN	ENSG00000065526	1	Abnormal heart valve morphology (0.55)	HP:0001654	0.55
SPTAN1	ENSG00000197694	1	Abnormal skin morphology (0.55)	HP:0011121	0.55
SRP19	ENSG00000153037	1	Recurrent viral infections (0.85)	HP:0004429	0.85
SRSF2	ENSG00000161547	2	Flushing (0.85); Abnormal skin morphology (0.55)	HP:0031284; HP:0011121	0.85; 0.55
STAT1	ENSG00000115415	1	Recurrent viral infections (0.85)	HP:0004429	0.85
STAT3	ENSG00000168610	1	Generalized abnormality of skin (0.7)	HP:0011354	0.7
STAT6	ENSG00000166888	1	Recurrent viral infections (0.85)	HP:0004429	0.85
STK4	ENSG00000101109	1	Recurrent viral infections (0.85)	HP:0004429	0.85
STX11	ENSG00000135604	1	Abnormal skin morphology (0.55)	HP:0011121	0.55
STXBP2	ENSG00000076944	1	Abnormal skin morphology (0.55)	HP:0011121	0.55
TAP2	ENSG00000204267	1	Recurrent viral infections (0.85)	HP:0004429	0.85
TAPT1	ENSG00000169762	1	Fractured radius (1.0)	HP:0003978	1.0
TBX20	ENSG00000164532	1	Abnormal mitral valve morphology (0.7)	HP:0001633	0.7
TBX3	ENSG00000135111	1	Abnormal morphology of the radius (0.85)	HP:0002818	0.85
TCIRG1	ENSG00000110719	2	Recurrent viral infections (0.85); Femur fracture (0.39)	HP:0004429; HP:0031846	0.85; 0.39
TERT	ENSG00000164362	1	Abnormality of urine homeostasis (0.7)	HP:0003110	0.7
TET2	ENSG00000168769	2	Flushing (0.85); Abnormal skin morphology (0.55)	HP:0031284; HP:0011121	0.85; 0.55
TGFB1	ENSG00000105329	1	Abnormal morphology of the radius (0.85)	HP:0002818	0.85
TLL1	ENSG00000038295	1	Abnormal mitral valve morphology (0.7)	HP:0001633	0.7
TMEM127	ENSG00000135956	1	Flushing (0.85)	HP:0031284	0.85
TMEM67	ENSG00000164953	1	Abnormal long bone morphology (0.7)	HP:0011314	0.7
TMTC3	ENSG00000139324	1	Abnormal heart valve morphology (0.55)	HP:0001654	0.55
TNFRSF11A	ENSG00000141655	1	Femur fracture (0.39)	HP:0031846	0.39
TNXB	ENSG00000206258	1	Abnormal heart valve morphology (0.55)	HP:0001654	0.55
TP53	ENSG00000141510	2	Flushing (0.85); Abnormality of urine homeostasis (0.7)	HP:0031284; HP:0003110	0.85; 0.7
TPM2	ENSG00000198467	1	Abnormal skeletal morphology (0.55)	HP:0011842	0.55
TPM3	ENSG00000143549	1	Abnormal skeletal morphology (0.55)	HP:0011842	0.55
TRPV6	ENSG00000165125	1	Fractured rib (0.382)	HP:0041159	0.382
TSC1	ENSG00000165699	1	Generalized abnormality of skin (0.7)	HP:0011354	0.7
TSC2	ENSG00000103197	1	Generalized abnormality of skin (0.7)	HP:0011354	0.7
TTN	ENSG00000155657	1	Abnormal heart valve morphology (0.55)	HP:0001654	0.55
TYK2	ENSG00000105397	1	Recurrent viral infections (0.85)	HP:0004429	0.85
UBA1	ENSG00000130985	1	Bone fracture (0.7)	HP:0020110	0.7
UBE4B	ENSG00000130939	1	Abnormal heart valve morphology (0.55)	HP:0001654	0.55
UNC13D	ENSG00000092929	1	Abnormal skin morphology (0.55)	HP:0011121	0.55
USP48	ENSG00000090686	1	Flushing (0.85)	HP:0031284	0.85
USP8	ENSG00000138592	1	Flushing (0.85)	HP:0031284	0.85
VCP	ENSG00000165280	2	Abnormal long bone morphology (0.7); Abnormal skeletal morphology (0.55)	HP:0011314; HP:0011842	0.7; 0.55
VHL	ENSG00000134086	1	Flushing (0.85)	HP:0031284	0.85
VPS35L	ENSG00000103544	1	Abnormal mitral valve morphology (0.7)	HP:0001633	0.7
WASHC5	ENSG00000164961	1	Abnormal mitral valve morphology (0.7)	HP:0001633	0.7
WDR26	ENSG00000162923	1	Abnormal skeletal morphology (0.55)	HP:0011842	0.55
WDR45	ENSG00000196998	1	Abnormal skin morphology (0.55)	HP:0011121	0.55
XYLT2	ENSG00000015532	1	Femur fracture (0.39)	HP:0031846	0.39
ZAP70	ENSG00000115085	1	Recurrent viral infections (0.85)	HP:0004429	0.85
ZMPSTE24	ENSG00000084073	3	Mitral valve calcification (0.85); Abnormal mitral valve morphology (0.7); Generalized abnormality of skin (0.7)	HP:0004382; HP:0001633; HP:0011354	0.85; 0.7; 0.7
ZNRF3	ENSG00000183579	1	Abnormality of urine homeostasis (0.7)	HP:0003110	0.7
